,spam,ham
a,134,200
aa,1,0
abajo,0,2
abandone,0,1
abb,0,1
abierta,0,3
abierto,0,2
abogado,0,2
abordado,0,1
abordar,1,1
abra,1,0
abril,3,2
abrir,0,1
abrirlos,1,0
abrirá,1,0
abrumado,0,1
abuela,0,1
acacia,0,1
acceder,1,1
acceso,2,1
accidente,1,0
acción,3,2
acepta,1,0
aceptable,1,0
aceptará,0,1
aceptaré,0,1
acerca,0,1
aconsejarme,0,1
acordado,0,1
acrobat,1,0
activa,1,0
activar,3,0
activas,1,0
actividad,1,0
activo,3,1
activos,1,1
actual,0,3
actuales,1,0
actualice,2,1
actualizaciones,0,2
actualización,0,3
actualizadas,1,0
actualizados,1,0
actualizar,1,2
actualmente,1,0
actuando,1,0
actúa,2,0
acuerdan,1,0
acuerdo,5,10
acuerdos,2,2
acumulado,1,0
adaptación,1,0
adecuada,0,1
adecuadamente,0,1
adecuado,1,1
adelantarlo,0,1
adelante,4,5
además,3,11
adentro,1,0
adicional,1,1
adicionales,2,0
adiciones,0,1
adivinar,1,0
adiós,1,0
adjunta,1,1
adjunto,1,5
adjuntos,0,2
adobe,1,0
adquisiciones,1,0
adquisición,1,0
afección,0,1
afiliados,0,1
agenda,0,3
agendas,0,2
agente,0,2
agosto,7,0
agradece,1,1
agradecemos,0,1
agradecerle,1,0
agradecería,0,5
agradecidos,0,1
agradecimiento,1,0
agradezco,1,0
agrega,1,0
agregar,4,1
agregará,0,1
agregue,16,0
agresiva,0,1
agruparon,1,0
agrégame,1,0
agréganos,1,0
agréguenos,2,0
agua,0,1
aguas,0,2
ahora,18,9
ahorrar,3,0
ahorre,4,0
aire,1,0
ajustes,1,0
al,14,35
alcance,0,1
alcohol,1,0
alegra,0,3
alerta,1,0
alertas,0,1
alfonso,0,1
algo,3,14
alguien,0,4
alguna,4,9
algunas,4,3
alguno,0,1
algunos,4,6
algún,0,10
alivio,0,1
allen,2,0
allí,0,3
almorzar,0,8
almuerzo,1,6
alrededor,0,4
alterar,0,1
alto,1,1
altos,0,1
am,0,3
amas,1,0
amazon,0,1
ambas,1,0
ambos,0,3
america,1,0
american,1,0
amigo,2,0
amigos,5,1
amoco,0,1
amor,1,0
amp,2,1
amperios,1,0
ampliar,1,0
américa,1,1
analicemos,0,1
analizamos,0,1
analizar,0,4
analizaremos,0,1
andrea,0,1
android,1,0
animada,1,0
aniversario,0,1
ann,0,1
anoche,0,2
anterior,0,1
anteriormente,1,1
antes,5,27
antiguos,0,1
anuncios,1,0
análisis,0,2
ao,9,2
aos,5,1
aparatos,1,0
apellido,0,1
apertura,1,0
aplicaciones,4,1
aplicación,6,7
aportó,0,1
apoyar,0,1
app,3,0
apple,1,0
apps,2,1
apreciada,0,1
apreciaríamos,0,1
aprenda,1,0
aprobación,1,4
aprobado,1,1
apropiada,0,1
apropiado,0,2
aprovecha,1,0
aprovechar,2,0
aproveche,1,0
aproximadamente,1,0
apuntar,0,1
aquellos,1,0
aquí,15,10
arbitraje,0,1
archivar,0,1
archivo,1,3
archivos,3,2
arcángel,1,0
aron,0,1
arreglar,0,3
arreglos,1,1
arrestaron,0,1
arriba,1,0
artículos,1,0
asamblea,1,0
asambleísta,1,0
asegurarle,1,0
asegurarme,0,2
asegurarnos,1,1
asegurarse,5,1
asegurarte,1,1
asegúrese,0,2
asesor,0,1
asesoramiento,1,0
asignaciones,1,0
asignar,0,1
asista,0,2
asistente,0,1
asistentes,0,1
asistes,0,1
asistiera,0,1
asistir,0,7
asociación,1,0
association,1,0
astro,0,1
astros,0,1
asunto,0,1
asuntos,0,3
así,3,16
atacar,0,1
atado,0,1
atasco,1,0
atención,1,1
atendidos,1,0
aterrizaje,0,1
atos,2,0
atrapadas,0,1
atrás,0,1
audiencia,0,2
audiobox,1,0
austin,0,1
australia,0,1
autobuses,0,1
automatizada,0,1
automáticamente,2,0
autoridad,1,0
avanzar,1,0
averiguar,0,1
avicii,1,0
avisarme,0,2
aviso,1,0
avión,0,3
avísame,0,11
avísele,0,1
avíseme,0,19
ayer,0,2
ayuda,5,5
ayudan,1,0
ayudar,4,1
ayudaremos,0,1
ayudarle,0,1
ayudarlo,7,4
ayudarme,0,1
ayudarnos,1,0
ayudarte,1,1
ayude,0,2
ayudó,1,0
ayúdame,1,0
aún,3,3
back,0,1
bahía,1,0
bajo,0,1
bajos,0,1
bancarrota,2,0
bandeja,9,0
banner,2,0
banquete,0,1
barata,0,1
baratos,1,0
bastante,0,1
bb,1,0
beavy,0,1
bebidas,0,1
bebiendo,1,0
bebé,1,0
belfast,1,0
ben,0,3
beneficiarse,0,1
beneficios,0,1
benwiggin,1,0
berg,0,1
bernacik,0,1
bev,0,1
beverly,0,1
bibi,0,1
biblia,3,0
biblias,1,0
biblioteca,1,0
bien,2,6
bienvenida,1,0
bill,1,3
bio,1,0
bisquick,1,0
blanca,1,0
blancas,1,0
blanco,0,1
bob,1,4
boberry,0,1
bogo,1,0
boletos,0,3
bolsa,0,1
bono,1,0
bookbookieve,1,0
borrador,1,0
botones,0,1
botón,1,0
bowen,0,1
bowl,0,1
boyer,0,1
bp,0,1
bradford,0,2
braeswell,0,1
brasil,0,1
brattle,0,1
brent,0,1
brett,0,1
breve,1,3
brevemente,0,1
brindan,1,0
brindando,2,0
brindar,0,1
broad,1,0
bruce,0,1
bryon,0,1
buen,0,1
buena,2,2
bueno,0,4
buenos,2,0
buscan,1,0
buscando,2,0
buscar,3,1
busque,1,1
c,2,0
ca,0,1
cada,1,3
cadena,0,1
caduque,0,1
caja,1,1
cajas,1,0
calendario,1,4
caliente,1,0
califica,1,0
calificar,1,0
calificarlo,1,0
califique,0,1
california,3,2
californianos,1,0
calor,0,1
cama,1,0
cambia,2,0
cambiar,8,1
cambiarías,0,1
cambio,0,2
cambios,5,6
cameron,0,1
caminata,0,1
camino,0,1
camión,0,1
campaa,0,1
campo,1,2
campos,0,2
cancelar,3,0
cancelarla,0,1
candidato,0,1
cantidad,1,1
capacidad,2,3
capacidades,1,0
capacitación,1,1
capital,0,2
capturarás,0,1
características,1,1
cargadores,0,1
cargos,0,1
carl,0,1
carlos,0,1
carolyn,0,1
carpeta,2,0
carrera,0,1
carta,0,5
cartas,0,1
casa,1,4
casados,1,0
cash,0,1
casi,1,0
caso,2,4
casos,0,1
casualidad,0,1
categoría,1,0
cathy,0,1
causas,1,0
caídos,1,0
cdn,0,1
celebra,2,0
celebrar,1,0
celebre,1,0
celgar,0,1
celular,0,1
cena,2,8
cenar,0,6
cenas,0,1
censo,1,0
centenar,0,1
centro,1,0
ceo,0,1
cerca,0,2
cercano,0,1
cercanos,2,0
cerveza,0,1
ces,0,2
chaise,1,0
charla,0,1
chat,0,1
chatear,0,1
chatee,0,1
chaz,0,1
cheque,0,5
cheryl,1,0
chicken,1,0
chico,1,0
chicos,0,4
chiste,1,0
chris,0,1
christy,0,1
ciela,0,1
cientos,0,1
cierre,4,1
cierto,0,1
ciertos,1,0
cindy,0,2
cinergy,0,1
cita,1,0
citas,1,1
ciudad,0,3
claro,1,1
clase,1,1
clases,0,1
clasificar,0,1
clave,1,1
clic,15,1
cliente,1,0
clientes,5,2
climático,0,1
cms,0,1
co,0,1
cobertura,0,1
codazo,0,1
codificar,1,0
coincidencia,0,1
coincidiría,1,0
colaboración,1,0
coleccionar,1,0
colega,0,1
colinas,0,1
colocar,0,1
colocaré,1,0
cologne,0,1
columna,0,1
comando,1,0
comandos,1,0
combustible,0,2
comencé,1,0
comentario,0,3
comentarios,3,6
comente,0,1
comenzamos,0,1
comenzar,4,6
comenzaré,0,1
comer,0,1
comerciales,1,0
comercialización,0,3
comercializador,0,1
comerciantes,0,1
comercio,1,2
comience,3,0
comienza,0,1
comité,1,0
como,14,9
compaeros,0,1
compartas,0,1
comparte,0,1
compartir,1,2
compartirlas,0,1
compartirlo,0,1
compartirlos,1,0
compatible,1,0
compaía,0,1
compaías,2,0
competencia,1,0
competidores,1,0
competitivo,2,0
complacerá,1,1
complejas,1,0
completa,0,1
completados,0,1
completamente,0,1
complete,1,3
completo,1,0
compra,3,0
compramos,2,0
comprar,4,1
comprarte,0,1
comprará,1,0
compras,2,1
comprender,0,1
comprensión,0,1
compresión,1,0
comprometeríamos,1,0
compruebe,0,1
computadora,2,1
comunicaciones,1,0
comunicación,0,1
comunicarla,0,1
comunicarte,1,0
comuníquese,0,1
con,47,115
conceptos,0,1
concesión,1,0
concluir,0,1
conducir,1,0
conectar,0,1
conectarlo,1,0
conectarse,1,0
conexión,0,1
conferencia,0,15
conferencias,0,2
confidencial,0,1
configuración,1,0
configurar,3,3
configúralo,0,1
confirma,0,1
confirmación,1,0
confirmar,1,0
confirmaremos,0,1
confirme,1,0
conflictos,1,1
congelamiento,1,0
conjunto,0,1
conmigo,1,9
conoce,1,0
conocer,1,1
conocerlo,0,2
conocernos,2,2
conocerte,1,5
conoceré,0,1
conocieron,0,1
conozca,0,1
conozcas,0,1
conseguir,1,1
conseguirle,0,1
conseguirlo,0,1
consejos,2,0
consentimientos,0,1
considera,1,1
considerarlo,0,1
considere,0,1
consiga,0,2
consigues,0,1
consiste,1,0
constantemente,0,1
construcción,1,0
construir,0,1
consultar,1,1
consultas,1,0
consulte,0,1
consultor,0,1
consígalo,0,1
contactar,0,1
contactarlo,0,1
contacto,2,6
contactos,3,0
contar,0,1
contarle,1,1
contenidas,0,1
contenido,0,1
contenidos,1,1
contigo,1,6
continuación,10,6
continuar,7,1
continúa,1,1
continúe,0,3
contra,1,0
contrapartes,0,1
contrario,0,2
contrasea,3,0
contraseas,2,0
contrato,3,5
contratos,0,1
control,0,1
controladores,1,0
contácteme,1,0
convención,1,0
conveniencia,0,2
conversaciones,1,1
conversación,0,3
convertir,3,0
convierta,1,0
coordinación,0,1
coordinar,0,1
coordinarse,0,1
coordine,0,1
copa,0,1
copia,2,8
copiando,1,0
copias,0,3
copie,1,0
corp,0,1
corporativa,0,1
corporativo,0,1
corporativos,0,1
correcciones,1,0
correcta,0,1
correctamente,0,1
correcto,0,3
correctos,0,1
corredor,1,0
correo,28,25
correos,11,2
correr,0,1
correspondientes,0,1
corte,1,0
cortesía,1,1
cosas,3,9
costa,1,1
costará,1,0
costo,1,1
costos,1,0
cotización,2,0
craig,0,1
creador,0,1
crear,1,2
creces,0,1
cree,1,2
creo,1,6
crisis,1,0
cristiano,1,0
criterios,0,1
cronograma,0,1
crédito,5,1
críticas,0,1
crónica,0,1
cst,0,1
cual,0,2
cualquier,8,11
cuando,4,28
cuatro,1,2
cubierta,1,0
cubrir,0,2
cubrirá,0,1
cuenta,11,3
cuente,0,1
cuestión,0,1
cuidado,1,0
cumple,1,1
cumpleaero,0,1
cumpleaos,1,2
cupones,1,0
cupón,1,0
currículum,0,3
curso,0,2
cuyo,0,1
cuál,2,7
cuáles,0,1
cuándo,1,7
cuántas,2,0
cuánto,3,1
cuénteles,0,1
cuéntelo,0,1
cynthia,1,0
cálculo,1,1
cócteles,1,0
código,2,0
cómo,6,17
cómodo,0,1
cúpula,0,1
d,1,0
da,0,1
dada,1,0
dado,0,4
daily,0,1
dallas,1,0
dame,0,3
damos,1,0
dan,0,1
danise,0,1
dar,4,2
darle,2,2
darles,1,0
darme,0,2
darnos,1,1
darse,0,1
darte,2,1
dará,1,0
daré,0,3
date,1,0
datos,1,4
dave,0,2
david,1,4
dd,1,0
de,328,409
dean,0,1
deba,0,2
debajo,0,1
debamos,0,1
debate,1,0
debates,1,0
debe,3,7
debemos,2,2
deben,0,2
deber,1,0
deberá,0,1
debería,4,5
deberíamos,0,4
deberían,2,1
deberías,0,2
debes,0,1
debida,0,1
debido,2,0
debo,1,2
debía,0,1
decide,1,0
decidido,0,1
decir,2,5
decirle,0,1
decirlo,1,0
decirme,0,3
decirnos,0,1
decirte,2,0
decisiones,0,1
decisión,1,3
decoraciones,1,0
degedegeneresw,1,0
dejar,0,2
dejarme,0,1
dejarte,0,1
dejará,1,0
dejas,0,1
dejé,1,0
dejó,0,1
del,25,46
delegado,0,1
deliciosas,1,0
demanda,1,2
demasiado,0,2
demócrata,1,0
dennis,0,1
dentro,1,2
departamento,0,1
dependiendo,1,0
dependientes,1,0
depositar,1,0
depositarán,0,1
derecha,0,1
derecho,0,1
derechos,1,0
derivados,0,1
derrochar,1,0
desactivar,2,0
desarrollar,0,1
desarrollo,1,1
desastre,0,2
desayuno,0,1
descanso,0,1
descarga,2,0
descargar,3,1
descargas,1,0
descartar,1,0
descompresión,0,1
descontinuar,1,0
describa,0,1
describe,0,2
descubra,1,0
descuento,8,0
descuentos,1,0
descárgalo,1,0
desde,6,7
desea,37,25
desearle,0,1
desee,5,4
desesperadamente,1,0
deshabilitar,1,0
despacho,1,0
despliegue,0,1
después,6,14
detallada,0,1
detallados,0,1
detalle,0,4
detalles,0,6
detener,2,0
determinar,2,3
detuvo,1,0
deuda,1,0
devoluciones,0,1
devuélvame,1,0
diaria,1,0
diarias,0,1
diario,0,1
diarios,0,1
dias,1,0
dice,0,1
dicen,1,0
dices,1,0
dicho,0,1
diciembre,0,5
diciendo,1,0
dick,0,1
diego,1,0
diferencia,2,1
diferente,1,1
dificultades,2,1
difíciles,0,1
dijo,2,0
dile,0,2
diligencia,0,2
dime,0,1
dinero,1,0
dinos,1,1
dio,1,0
dios,2,0
direcciones,13,0
dirección,3,5
directamente,1,2
directo,2,2
director,1,1
directores,0,1
dirige,0,1
diruggiero,0,1
dirá,0,2
disculpa,0,1
discurso,0,1
discusiones,0,2
discusión,2,7
discuta,0,1
discutamos,0,12
discutiendo,0,3
discutimos,1,1
discutir,1,56
discutiremos,1,1
discutirlo,0,6
diseo,1,0
disfruta,2,0
disfrutas,2,0
disparen,0,1
disponible,2,25
disponibles,0,2
disposición,1,0
dispositivo,4,0
dispuesto,0,1
dispuestos,1,0
distancia,0,1
distribución,1,1
diversión,0,1
divertido,1,1
divulgación,0,1
divulgar,1,0
documentación,0,2
documento,2,1
documentos,2,3
dolor,0,1
domicilio,0,1
domingo,1,7
don,1,1
donación,2,0
donar,1,0
donarán,1,0
donde,1,3
dos,1,7
double,0,1
dr,0,1
drogas,1,0
dropbox,1,0
dude,0,7
dudes,0,1
duermes,1,0
duplicado,0,1
dupreediamond,1,0
durante,5,9
duras,0,1
duro,0,1
dwr,2,0
dé,0,1
décima,0,1
déjame,3,12
déjenos,1,0
día,10,14
días,8,4
dígale,0,2
dólares,3,1
dónde,0,7
e,4,6
echa,0,2
edad,1,0
edición,0,1
edita,1,0
editado,0,1
editar,1,0
edmund,0,2
eee,0,1
ees,0,1
efectiva,1,1
efectivas,0,1
efectivo,1,2
efectivos,1,0
eficiente,1,0
efs,1,0
ejecute,1,0
ejemplo,1,0
ejercicio,1,0
el,89,196
elaboración,0,1
eldon,0,3
electricidad,1,1
electrodomésticos,1,0
electrónico,23,21
electrónicos,10,2
elementos,0,3
eleven,1,0
elige,1,1
eligieron,1,0
elija,1,0
elimina,2,0
eliminar,2,0
elizabeth,0,1
ella,1,5
ellen,1,0
ello,0,1
ellos,1,3
eléctrica,0,1
embarazada,0,1
embargo,2,0
embestidas,1,0
emoji,1,0
empacando,0,1
empapelarlo,0,1
empleados,2,0
empresa,2,1
empresas,2,0
en,121,168
ena,1,1
encantado,0,5
encantados,0,1
encantaría,1,8
encontrabas,0,1
encontramos,0,1
encontrar,4,2
encontrarme,0,1
encontrarnos,0,3
encontrarte,0,1
encuentra,2,0
encuentran,0,1
encuentre,0,7
encuentro,0,1
encuesta,0,2
enemigos,1,0
enerenergy,1,0
energy,1,1
energética,2,0
energía,3,3
enero,0,4
enfermara,0,1
enfoque,0,3
enfurecía,1,0
enlace,22,1
enlaces,0,1
enorme,1,0
enron,4,7
entendiera,0,1
enterrado,0,1
entiendo,0,1
entonces,2,6
entrada,9,0
entradas,0,2
entrar,0,1
entre,1,4
entrega,11,1
entregar,1,0
entrenamiento,1,0
entres,0,2
entretenerlo,0,1
entrevista,0,1
entrevistar,1,0
entrevistas,0,1
enviada,0,1
enviado,0,1
enviamos,0,1
enviar,5,10
enviarle,2,3
enviarles,0,1
enviarme,0,5
enviarnos,0,1
enviarte,1,0
enviarán,0,1
enviaré,1,3
enviarías,0,1
envié,0,3
envió,1,1
envía,0,1
envíalo,0,1
envíame,0,4
envíe,0,10
envíela,1,0
envíelo,0,1
envíelos,1,0
envíeme,0,3
envíen,1,0
envíenme,0,1
envíenos,2,0
envíes,0,3
envío,2,0
envíos,1,0
eol,2,3
episodio,4,0
equipo,0,3
equipos,0,2
equivoco,1,0
era,1,0
eres,1,1
error,1,0
es,24,52
esa,1,7
esas,1,2
escala,0,1
escapada,1,0
escapar,0,1
escaparte,0,1
escapismo,1,0
escriba,2,0
escribas,0,1
escribo,2,1
escribí,0,1
escritorio,1,2
escuchar,2,1
escucharla,0,1
escuchas,0,1
escuela,1,2
ese,2,8
esmeraldas,0,1
eso,6,11
espacio,0,1
especial,2,1
especiales,1,0
especialmente,1,0
especificado,1,0
específica,1,0
específicamente,3,0
específicas,0,2
específico,0,1
específicos,2,2
esperaba,0,1
esperados,0,1
esperamos,2,1
esperanza,0,1
esperar,1,0
esperaré,0,1
esperaría,0,1
espere,0,1
espero,3,9
espiar,1,0
espéranos,0,1
esquema,0,2
esquiar,0,1
esta,17,36
estaba,1,1
estaban,1,0
establecer,1,4
establezca,1,2
establezcamos,0,1
estacionamiento,0,1
estado,2,2
estados,1,1
estadounidenses,1,0
estadías,1,0
estadísticas,0,1
estamos,3,5
estancias,1,0
estar,1,8
estaremos,0,3
estará,0,1
estarás,0,2
estaré,1,11
estaría,0,3
estaríamos,0,1
estas,3,5
este,30,37
estimado,0,1
esto,9,34
estos,5,14
estoy,2,12
estrategia,1,3
estrecha,1,0
estructura,0,1
estuche,0,1
estudiante,1,0
estudiantes,0,2
estudiantil,1,0
estuvo,1,0
está,14,20
estábamos,0,1
están,5,3
estás,0,18
esté,2,1
estén,0,1
estés,0,1
etc,0,7
etiqueta,0,1
etiquetas,1,0
eunice,0,1
europa,0,1
europeos,0,1
evaluar,1,0
evento,2,1
eventos,1,0
evitan,1,0
evoluciona,1,0
exacta,0,1
exactamente,1,1
excavación,0,1
excelcontacts,0,1
excelente,2,0
excelentes,1,0
excepción,1,0
exclaim,0,1
exenciones,1,1
experiencia,1,0
experimentar,1,0
experimentarán,1,0
experimenten,1,0
experto,1,0
expertos,1,0
explicarle,0,1
explorar,0,1
expulsar,1,0
extender,0,1
exxon,2,0
facebook,1,0
facial,1,0
facilitar,0,1
factible,0,1
factura,1,1
facturación,0,1
facturas,0,1
falcon,0,1
falta,0,1
falten,0,1
familia,3,0
fantástica,1,0
fascinante,1,0
favor,8,54
favorita,1,0
fax,1,1
fe,1,0
fecha,1,6
feliz,4,3
ferc,0,1
fernley,1,0
festividades,0,1
ff,0,1
fi,1,0
fideicomisario,1,0
fiesta,1,1
fijaremos,0,1
fijo,1,1
fin,3,12
final,4,6
finales,0,1
finalización,0,1
finalizar,0,1
finalizarlo,0,1
finalizará,1,0
finalmente,1,0
financiera,1,0
financieras,1,0
financieros,1,1
finanzas,0,1
firmado,0,1
firman,1,0
firmaron,1,0
firmen,1,0
fluir,1,0
flujo,0,1
fluyendo,0,1
fo,2,0
follar,1,0
follarte,1,0
fondo,0,3
fondos,1,1
forma,0,3
formas,0,1
formato,0,1
formatos,0,1
formulario,1,0
forster,0,1
foto,1,0
fotolibros,1,0
fotos,4,1
frecuencia,0,2
freeber,2,0
freepinger,2,0
freetext,2,0
fue,1,5
fuentes,0,1
fuera,0,2
fuerte,1,1
fuerza,3,0
fuiste,0,1
fuma,1,0
fumador,1,0
funciona,1,8
funcionan,0,2
funcionar,1,0
funcione,1,0
funciones,0,2
función,3,2
futura,2,0
futuras,0,1
futuro,1,3
futuros,3,3
fácil,2,1
fácilmente,1,0
físico,0,2
ga,0,1
gala,1,0
galardonado,1,0
ganar,6,0
ganas,1,2
gap,1,0
garaje,0,1
garantizar,11,0
garden,1,0
gas,2,6
gasolina,0,1
gastarías,1,0
gastos,0,2
geek,1,0
gemas,0,1
genealógico,0,1
generado,0,2
general,1,0
genial,0,6
geniales,1,0
gente,2,2
george,0,1
gestionando,1,0
ginger,0,1
girl,1,0
glaciar,0,1
glider,1,0
globales,0,1
gm,0,1
gnc,0,2
gobierno,1,0
golf,0,5
golpe,0,1
google,0,1
gorila,1,0
gracias,5,6
graduado,1,0
gradualmente,1,0
graduarme,1,0
gran,3,3
grande,1,0
granja,0,1
gratis,7,0
gratuita,2,2
gratuitas,1,0
gratuito,1,0
grump,0,1
grupo,1,8
grupos,1,1
guacamole,0,1
guardar,1,1
guardarlo,1,0
guarde,0,2
guiarlo,1,0
guille,0,1
gustaron,0,1
gustaría,11,29
gyft,1,0
ha,3,5
haas,0,2
haber,1,0
habernos,0,1
habilidades,0,1
habilite,0,1
habitación,0,2
habitual,0,2
habla,0,2
hablabas,0,1
hablamos,0,3
hablar,0,39
hablaremos,0,2
hablarlo,0,1
hable,0,1
hablemos,0,6
habló,0,1
había,1,0
hace,3,2
hacer,21,16
hacerlo,3,3
hacernos,1,0
haces,1,1
hacia,0,2
haciendo,1,3
hacía,1,0
haga,14,4
hagan,0,1
hagas,0,2
hago,0,2
hall,0,1
hambre,1,0
hampshire,1,0
hannah,1,0
hardware,1,1
haremos,1,0
haré,0,1
has,0,3
hasta,6,8
hay,4,11
haya,0,3
hazlo,0,1
he,1,2
heart,1,0
hecho,1,0
hellman,0,1
hellowallet,1,0
helpcoinkeeper,1,0
hemos,3,3
heredadas,1,0
hermanos,1,0
herramientas,1,0
hertz,0,1
hertzberg,1,0
hey,0,1
hiciera,0,1
hijo,0,1
hijos,0,1
hilton,0,1
historia,1,0
historial,2,0
hizo,0,2
hoja,1,2
hola,2,5
holandés,0,1
holly,0,1
honor,2,0
hop,0,1
hora,1,14
horario,1,8
horas,3,0
hornos,1,0
hotel,3,1
hourly,0,1
house,0,1
houston,0,6
hoy,6,10
hpl,0,1
html,0,1
hubieran,0,1
humanos,0,2
hunt,0,1
hunter,0,1
hágalo,1,1
hágame,0,3
hágamelo,0,3
háganos,0,3
házmelo,0,2
i,0,1
icap,0,1
icono,1,0
iconos,1,0
idea,1,3
ideal,0,1
ideas,1,4
identificación,1,0
idioma,0,1
iglesia,2,1
ignoraré,1,0
ignore,1,1
ignórame,1,0
ilegales,1,0
ilimitados,1,0
impedirá,0,1
implementar,0,1
importa,0,1
importan,1,0
importante,0,1
importará,0,1
importaría,0,3
imposible,0,1
impresionados,1,0
impresiones,0,1
imprimir,0,1
imágenes,1,0
incluida,0,2
incluidas,0,2
incluido,0,2
incluidos,0,2
incluimos,0,1
incluir,0,1
incluirla,0,1
incluso,4,1
incluya,0,3
incluye,1,0
incluyendo,1,1
incorpora,1,0
incorrecto,0,1
increíble,2,0
independencia,2,0
indicaciones,1,0
indicación,1,0
indican,0,1
indicaremos,1,0
indique,0,1
individual,1,0
individuales,1,0
infierno,1,0
informa,0,1
información,11,10
informado,1,1
informar,1,1
informarle,0,2
informarme,0,1
informativa,0,1
informe,0,3
informes,0,4
infórmele,0,1
inglaterra,0,1
ingresado,0,1
ingresar,1,0
ingreso,0,1
ingresos,0,1
ingresé,1,0
inicial,1,0
iniciativa,0,2
inicie,3,0
inicio,0,1
inkflow,1,0
inmediatamente,1,0
inmediato,3,1
inscripción,0,1
instalar,1,1
instantánea,1,0
instantáneamente,2,0
instrucciones,2,0
integraciones,0,1
inteligentes,0,1
intensificando,1,0
intentar,0,3
intentaremos,1,1
intentarlo,2,0
intentaré,1,2
intente,1,1
intento,0,1
intercambiar,0,1
intercambio,0,2
interesado,1,4
interesados,0,1
interesantes,0,2
interesarle,1,0
intereses,3,0
interna,0,1
internamente,0,1
internet,2,0
interno,0,1
interrupciones,0,1
interrupción,1,0
intersección,1,0
interés,0,1
introductoria,0,1
inversores,1,0
investigación,0,1
investigadores,1,0
invierno,1,0
invitación,1,0
invitados,0,1
invitarlo,1,1
invitarlos,0,1
involucrados,0,1
involucró,0,1
ios,3,0
iphone,4,0
ipod,1,0
ir,1,4
irme,0,2
iré,0,1
isda,2,0
itinerario,0,1
izquierda,0,1
jack,0,1
jacoby,0,1
james,0,2
jane,1,0
janelle,0,1
japón,0,1
jeff,0,6
jen,0,1
jennifer,0,1
jerry,0,1
jet,0,1
jills,0,1
jim,0,2
jocks,0,1
john,0,6
jones,0,1
joseph,1,1
jude,1,0
juego,2,6
juegos,1,0
jueves,0,16
juez,0,1
jugado,1,0
jugar,0,2
juguetes,1,0
julie,0,1
julio,4,1
junio,2,1
junta,0,3
juntos,0,4
justificación,0,1
justo,0,2
karen,0,2
katy,2,0
kay,0,3
kayak,0,1
kean,0,1
keeley,1,0
ken,0,2
kenneth,0,1
kevin,0,2
kicksend,1,1
kim,0,1
kl,0,1
krs,0,1
la,110,203
laboral,2,0
lado,0,3
lance,0,1
langosta,0,1
larence,0,1
larga,0,1
largo,0,1
las,36,71
laura,0,4
lay,0,1
le,8,27
lecciones,0,1
lectura,1,0
lee,0,1
leer,4,0
leerla,1,0
lees,1,0
legal,0,2
legales,1,1
legislación,1,0
legislativo,1,0
lenguaje,2,1
leo,1,0
les,2,1
lessie,1,0
ley,0,1
leyendo,1,0
liberara,0,1
liberarnos,0,1
liberarte,1,0
libras,2,0
libre,0,3
libres,0,2
libreta,11,0
libro,2,5
libros,2,0
licencia,0,1
licencias,1,0
limpia,1,0
linda,0,1
line,1,0
link,27,0
lisa,0,1
lista,10,5
listas,1,0
livingorganized,1,0
llama,2,1
llamada,0,16
llamadas,1,1
llamar,1,8
llamara,0,1
llamarlo,0,1
llamarme,1,12
llamarnos,0,1
llamarte,0,1
llamarás,0,1
llamaré,1,10
llamaría,0,1
llame,1,10
llamo,1,0
llamó,0,3
llc,1,1
llegar,1,1
llegaste,0,1
llegue,0,1
lleguen,1,0
llegues,0,1
llegó,0,1
llenar,0,1
llevando,0,1
llevar,2,1
llevó,1,0
llámalo,0,1
llámame,2,12
llámeme,0,10
llámenos,0,1
lo,24,56
local,1,0
localizar,0,1
loco,0,1
logros,0,1
logística,1,0
londres,0,2
los,53,71
loto,0,1
lou,0,1
luego,1,2
lugar,2,4
lujos,1,0
lunes,2,18
lynch,0,1
léame,1,0
líder,1,0
línea,3,2
m,1,7
maana,3,40
madera,1,0
madre,1,0
mailmail,1,0
mal,0,1
malas,1,0
malo,0,1
manera,3,3
maneras,1,0
manhattan,0,1
mano,0,1
manos,1,0
mantendré,0,1
mantener,4,2
mantenerte,1,0
mantenga,0,1
mantengas,1,0
mantenimiento,1,0
mantuvieras,0,1
manténgase,1,0
manualmente,1,0
mapa,3,0
maquillaje,0,1
marca,1,0
marilyn,0,1
mario,0,1
marissa,0,1
mark,0,8
marketing,1,1
marque,0,1
martes,0,13
mary,0,2
marzo,1,4
masa,0,1
masajes,1,0
mascotas,1,0
materiales,1,1
matt,0,1
maureen,0,1
mayo,1,2
mayor,4,2
mayores,3,0
mayoristas,1,0
mayoría,4,0
mccullough,0,1
md,0,1
mdq,1,0
me,28,65
mecanismo,1,0
medallón,1,0
media,0,1
medianoche,1,0
medición,0,1
medida,2,0
medio,0,2
mediodía,0,1
megawatt,0,1
meh,0,1
mejor,3,12
mejorado,1,0
mejorando,1,0
mejorar,0,5
mejoras,1,1
membresía,2,1
memoria,0,3
memorándum,0,1
mencionado,1,0
menores,1,0
menos,2,3
mensaje,2,7
mensajes,3,0
mensuales,0,1
mente,1,1
mercado,1,1
merece,1,0
mes,0,1
mesa,1,2
meses,3,1
mezclar,1,0
mi,8,25
michael,0,1
michelle,0,1
mid,0,1
mientras,3,4
miguel,1,0
mike,0,5
milagro,1,0
milagros,1,0
miles,0,1
militar,1,0
militares,1,0
millas,0,1
millones,2,2
minimizar,0,1
ministerio,0,1
minorista,1,0
minuto,0,7
minutos,3,8
mira,2,1
miralo,0,1
mirar,0,1
mis,4,6
misa,0,1
misma,0,1
mismo,1,6
miércoles,2,8
mkm,0,1
moda,1,0
modelo,0,3
modernas,1,0
modo,0,1
modos,0,1
molesto,1,0
molly,0,1
momento,10,11
momentos,1,1
montaas,1,0
morgan,0,1
mosca,0,1
mostrador,0,1
mostrar,0,1
mostrarnos,1,0
mostrarías,0,1
motocicleta,1,0
mover,0,2
movimiento,1,0
movimientos,0,1
mpr,0,1
msdk,0,1
msia,0,1
muchas,5,4
mucho,2,7
mudé,0,1
muestras,1,0
mueve,0,1
mujeres,0,1
multimedia,1,0
mundial,2,1
mundo,1,0
mutuamente,1,0
muy,3,7
muéstranos,1,0
más,30,37
máxima,0,1
médica,1,1
médico,0,1
mí,3,12
mío,0,1
mírame,0,1
móvil,3,1
n,7,0
na,0,1
nabisco,0,1
nada,4,2
nadie,0,2
nancy,0,1
nasdaq,0,1
nasdnasdaqooh,1,0
navegador,1,0
navidad,1,2
nder,2,0
neat,1,0
neatbecloud,1,0
necesario,0,1
necesarios,0,1
necesidades,1,1
necesita,4,5
necesitamos,0,4
necesitan,1,0
necesitaremos,0,1
necesitará,0,1
necesitaríamos,0,1
necesitas,1,2
necesito,1,2
nee,1,0
negociar,1,0
negocio,1,3
negocios,1,1
neil,0,1
nenjenjoy,1,0
nester,0,1
net,0,1
nethan,2,0
new,1,0
ni,1,0
nia,1,1
ninguna,2,0
ningún,0,5
nivel,0,1
no,36,60
noche,7,17
noches,4,0
nombramiento,1,0
nombre,2,3
nombres,2,1
nominaciones,1,0
nominación,1,0
nominar,0,1
nonato,1,0
norma,0,1
normalmente,0,1
nos,10,13
nosotros,4,16
nota,1,3
notablemente,1,0
notas,1,0
noticias,3,3
notificaciones,2,0
noviembre,0,8
nremremembere,1,0
nsi,2,0
nsorsort,1,0
nsorsortapps,1,0
nube,1,0
nuestra,2,11
nuestras,5,6
nuestro,2,7
nuestros,13,5
nueva,2,5
nuevamente,4,2
nuevas,1,3
nuevo,6,4
nunca,1,2
núcleo,0,2
número,5,5
números,0,4
o,34,50
oaks,0,1
obama,1,0
objetivo,3,0
objetivos,2,0
obligaciones,0,1
obsequio,1,0
observes,0,1
obtendremos,0,1
obtendrás,0,1
obtener,13,15
obtenga,1,2
obtengas,0,1
obteniendo,0,1
obtienes,1,0
ocasionalmente,0,1
ocd,1,0
ocr,0,1
octubre,0,2
ocupada,0,1
ocupado,0,2
ocupar,0,1
oeste,2,0
oferta,3,4
ofertas,4,3
office,0,2
officedrop,1,0
oficiales,0,1
oficina,1,4
ofrecen,1,0
ofreciendo,1,0
ofreció,1,0
ojalá,1,0
ojos,0,1
olson,0,1
olvidado,0,1
olvides,0,1
olvidó,0,1
opciones,4,3
opción,1,0
operaciones,0,3
operador,0,1
opina,1,0
opinión,2,4
opml,0,1
oportunidad,4,10
oportunidades,1,2
optar,1,0
oración,0,1
oracle,1,0
orador,0,1
orar,0,1
orcl,1,0
ordenado,1,0
oren,1,0
organice,0,1
organicemos,0,1
organización,1,0
organizado,1,1
organizador,0,1
organizar,1,4
orientación,1,0
origin,2,0
otc,0,1
otoo,2,0
otra,4,1
otras,4,3
otro,3,3
otros,1,1
oye,0,2
oído,0,1
oír,1,0
p,1,2
paciencia,1,0
pacífico,0,1
pad,1,0
padre,1,0
padres,1,0
pagar,1,2
pagarle,1,0
pago,0,1
pagos,3,0
palabra,3,1
palabras,1,0
palmer,0,2
palo,1,0
palpitaciones,0,1
pam,0,1
pan,0,1
pandilla,0,1
panelistas,0,1
papa,0,1
paper,1,0
papá,0,1
paquete,1,1
par,0,4
para,121,212
parar,0,1
parcial,0,1
parcialmente,0,1
parece,2,1
parezca,0,1
parque,1,0
parte,2,4
partes,1,1
participa,0,1
participante,0,1
participar,0,2
participe,0,1
particular,2,0
partida,0,2
partir,0,1
pasa,0,1
pasado,0,2
pasando,1,0
pasantía,1,0
pasar,1,2
pasara,0,1
pasará,0,1
pasaría,0,1
pasas,1,0
paso,1,0
pasos,0,2
patada,0,1
patear,0,1
patrocinador,1,0
patterson,0,1
paul,0,2
pausa,1,0
pavo,1,0
países,0,2
pdt,0,1
pedido,0,1
pedir,1,2
pedirle,0,2
pedirte,0,1
pedí,0,1
pegue,1,0
pelota,0,1
película,1,0
pena,0,1
pensamientos,0,2
pensé,0,2
pequea,1,0
pequeo,1,0
pequeos,0,1
perderse,1,0
perfecta,1,0
perfecto,1,0
perfil,4,0
permanecen,1,0
permite,3,1
permiten,1,0
permites,0,1
permitiendo,0,1
permitirse,0,2
permitirá,2,0
permítanme,1,0
permítanos,1,0
pero,12,24
perrera,1,0
persona,0,9
personal,1,4
personales,1,0
personalizado,2,0
personalmente,0,1
personas,8,4
pervertido,1,0
período,0,1
pesca,0,1
pestaa,0,1
pet,1,0
peter,0,1
petición,2,0
pge,0,2
phil,0,1
philippe,0,1
phillips,0,1
photphoto,1,0
pidió,0,1
piensas,0,6
pierda,1,0
pierdas,0,1
pierde,1,0
pieza,1,0
pin,1,0
pinger,4,0
pink,1,0
piramidal,0,1
piso,1,1
pizza,0,1
placa,0,1
placer,0,1
plan,3,3
planeadas,0,1
planean,0,1
planee,0,1
planes,3,3
planificado,0,1
planta,2,1
plantilla,2,0
platt,1,0
plazos,0,1
pm,2,5
poca,1,0
pock,0,1
poco,1,5
pocos,0,1
podamos,2,18
podemos,9,28
poder,0,3
poderoso,1,0
podido,1,0
podremos,0,4
podrá,2,0
podrán,0,1
podrás,1,1
podría,4,14
podríamos,1,12
podrían,2,3
podrías,0,8
podía,1,0
política,1,0
políticas,1,0
pon,0,1
pondrá,1,0
pondré,0,1
ponernos,0,3
ponerse,0,1
ponerte,0,1
pongo,1,0
pop,1,0
populares,1,1
por,37,105
porque,3,2
portland,0,2
posibilidad,0,1
posible,7,27
posibles,0,2
posiciones,0,1
posición,0,1
posponer,1,0
pospuesto,0,1
posterior,1,0
postule,1,0
powers,0,1
pp,0,1
practicar,0,2
prc,0,2
precio,2,2
precios,2,2
precisiones,0,1
preferencias,2,0
prefiere,2,0
prefieres,0,1
pregunta,1,8
preguntaba,0,3
preguntamos,2,0
preguntas,3,6
pregunto,0,1
preliminares,0,1
premiación,0,1
prensa,1,1
prentice,0,1
preocupaciones,1,0
preocupe,1,1
preparación,0,1
preparadas,0,1
preparado,2,0
preparando,0,1
preparar,0,1
prepararse,1,0
preparatoria,0,1
prepare,0,2
presentaciones,0,1
presentación,0,3
presentan,1,0
presentar,2,3
presidente,1,0
presione,2,0
prestación,1,0
prestados,0,1
prestar,0,1
prestaste,1,0
presupuesto,1,1
prevé,0,1
primer,0,2
primera,1,2
primero,1,2
primeros,2,1
primicia,0,1
principal,0,1
principios,0,1
prioritarias,1,0
prisa,2,1
prisión,1,0
probablemente,2,5
probar,1,0
problema,1,7
problemas,3,11
proceder,0,1
proceso,2,3
procesos,0,1
producir,0,1
producto,1,6
productos,4,1
profesional,0,1
profesor,0,1
profundamente,0,1
programa,1,2
programación,0,1
programada,0,1
programado,0,2
programando,0,1
programar,0,11
programas,0,2
programe,1,1
programemos,0,1
progreso,0,2
prohibido,1,0
prometedora,0,1
prometo,1,0
promocionaremos,0,1
promociones,1,0
promover,1,0
pronto,1,3
pronuncia,1,0
propia,2,0
propias,1,0
proponer,0,1
proponga,0,1
proporcionado,1,0
proporcionan,2,0
proporcionar,0,1
proporcionara,0,1
proporcionarle,0,1
proporcionarles,2,1
proporcionarme,0,1
proporcionará,1,0
proporcione,0,1
proporcionó,2,0
propuesta,0,3
propuesto,1,0
propósito,2,0
protección,2,0
protegidos,1,0
proudtolove,1,0
proveedor,4,2
proveedores,1,0
proyecto,0,4
prueba,2,1
pruebas,2,0
pruebes,0,1
práctico,1,0
prácticos,1,0
préstamo,1,0
próxima,1,14
próximas,0,2
próximo,2,4
próximos,2,2
publicaciones,0,1
publicación,3,0
publíquelo,0,1
pude,1,0
pudiera,1,2
pudieras,0,2
pudieron,1,0
pudiéramos,0,3
pueblo,0,1
pueda,4,18
puedan,0,2
puedas,1,1
puede,19,30
pueden,5,5
puedes,4,24
puedo,3,15
puente,1,0
puesto,0,1
punder,0,1
puntaje,0,1
punto,0,3
puntos,1,3
pídale,0,1
póngase,0,3
pública,0,1
públicamente,0,1
públicas,1,0
público,1,0
que,117,238
quedar,0,1
quedaron,1,0
quedarse,0,1
queremos,4,3
querida,1,0
quería,0,5
quien,0,1
quienes,1,0
quiera,1,3
quieras,1,2
quiere,4,4
quieren,1,0
quieres,8,18
quiero,1,5
quincena,0,1
quise,1,0
quisiera,0,1
quisieran,0,1
quisieron,1,0
quiz,1,0
quizás,1,3
quién,1,5
quoquot,1,0
qué,10,23
quédate,1,0
ramificaciones,1,0
randall,0,1
raro,1,0
rastrear,1,0
rato,0,1
ratones,1,0
razones,2,1
re,0,1
reader,1,0
reafirmar,0,1
realizado,0,1
realizados,0,1
realizar,2,1
realmente,0,3
recepción,0,1
receptivo,1,0
receta,0,1
recetas,1,0
reciba,1,0
reciban,1,0
recibiendo,4,1
recibir,9,3
recibirla,1,0
recibirá,1,0
recibiste,0,2
recibió,2,2
recibo,2,0
recibos,0,1
recibí,1,0
reclamaciones,1,0
reclamar,3,0
reclame,1,0
recoger,1,2
recogida,1,0
recomendación,0,2
recomendado,0,1
recomendaría,0,1
recomendarías,0,1
recompensa,1,0
recompensarte,1,0
reconocer,0,1
reconocimiento,0,1
recordar,0,1
recordarme,0,1
recordarte,1,0
recordatorio,1,2
recortar,1,0
recortes,1,0
recuerda,0,1
recuerde,0,3
recuperar,0,1
recuperarlo,1,0
recurso,0,1
recursos,1,4
redacción,0,1
redes,3,0
reducir,2,1
reembolsar,1,0
reembolso,0,1
reemplazo,0,1
reenviar,1,3
reenviarlo,0,1
reenviarme,0,3
reenviarán,0,1
reenvíe,0,1
reenvíelo,0,1
reenvío,0,2
refrescarme,0,1
regalo,2,0
regalos,1,0
registrado,0,1
registrarse,2,0
registro,2,1
registros,0,2
regla,0,1
regresa,1,1
regresando,0,1
regresará,0,1
regrese,1,2
regreso,0,1
reguladores,0,1
regulados,0,1
relación,1,1
relevantes,0,1
remedios,2,0
remi,0,1
remitente,1,0
remitentes,4,0
rendimiento,0,1
repasar,0,1
repase,0,1
repensar,1,0
repentinamente,0,1
representante,0,2
reproducción,1,0
reprodujo,1,0
requisitos,1,2
resaltar,1,0
resbalones,1,0
resea,1,0
reserva,1,1
reservado,1,0
reservaremos,0,2
reservarme,0,1
reservas,0,2
reserve,0,1
resolución,0,1
resolver,1,2
respecto,0,7
responda,1,3
responden,1,0
responder,1,4
respondiste,0,1
responsabilidades,0,1
responsable,0,1
respuesta,0,3
respóndeme,1,0
restaurarla,1,0
resto,0,5
restricción,0,1
resultado,1,2
resultados,3,1
resumamos,0,1
resumen,0,1
resumir,1,0
resumirme,0,1
retiraron,0,1
retiren,1,0
retrasará,0,1
reunamos,1,2
reunimos,0,2
reuniones,1,6
reunir,0,1
reunirme,0,1
reunirnos,1,7
reunirse,0,8
reunirte,0,3
reuniré,0,1
reunión,2,32
reunámonos,0,6
revelarlas,0,1
revisa,0,1
revisar,0,3
revisaremos,1,0
revisaré,0,1
revise,2,2
revisión,2,4
rfp,0,1
rich,0,1
rick,0,4
riesgo,1,2
riesgos,1,0
ritmo,1,0
rob,0,2
rodean,0,1
roger,0,1
roja,2,0
rojas,1,0
rol,0,2
rory,0,1
rosados,1,0
rpc,0,1
ruedas,1,0
ruido,0,1
run,1,0
rápida,0,5
rápidamente,0,2
rápido,1,3
s,1,0
sabe,1,0
saber,5,26
sabes,2,3
sabine,0,1
sabrán,1,0
sabías,1,0
sacado,0,1
sacaste,0,1
sacramento,0,1
sacudir,1,0
sala,1,3
salariales,1,0
salario,1,0
salgamos,0,2
salir,0,2
sally,0,2
salud,1,1
saludar,0,1
saludos,1,0
salí,1,0
sam,0,1
san,1,0
sangrientos,0,1
sbx,1,0
schuyler,0,1
scott,0,3
scribner,0,1
se,23,26
sea,3,3
sean,3,2
sec,0,1
secadoras,1,0
sección,3,0
secundarios,1,0
sede,0,1
seguimiento,0,3
seguir,4,4
seguirlos,1,0
segundo,0,1
segundos,1,0
segura,1,0
seguridad,0,2
seguro,5,2
seguros,4,0
seleccione,0,1
selección,0,1
semana,11,43
semanas,2,4
semestre,1,0
semilla,1,0
seminario,0,1
senado,0,1
sentada,1,0
sentarme,0,1
sentido,0,2
sentirse,0,1
seor,1,0
seora,0,1
sepa,0,2
separados,0,1
septiembre,2,2
ser,3,8
seria,1,0
servicio,2,0
servicios,8,4
servir,1,0
será,1,2
serán,0,1
sería,0,18
sesiones,1,0
sesión,2,3
severin,0,1
sf,0,1
shank,0,1
shawn,0,2
sheila,0,1
sheri,0,1
sherriff,0,1
si,77,149
sido,0,1
siembres,1,0
siempre,4,1
siento,0,1
siga,6,1
significa,0,1
significan,1,0
siguen,1,0
sigues,0,1
siguiente,7,2
siguientes,2,1
simitian,1,0
simple,1,0
simplemente,5,2
sin,6,4
sinceramente,0,1
sincronización,0,1
sincronizadas,0,1
singer,0,1
sitara,0,1
sitio,3,5
sitios,1,0
situación,0,1
siéntase,0,1
skedi,0,1
skilling,0,1
slurpee,1,0
snapsync,1,0
snowboard,0,1
snowsnow,1,0
sobre,14,61
socal,1,1
sociales,3,0
socios,1,0
softball,1,0
software,2,1
sofá,1,0
solicita,1,0
solicitadas,0,1
solicitar,1,2
solicite,1,0
solicitud,5,1
solicitudes,2,0
solidarios,1,0
solmonson,0,1
solo,7,12
soluciones,1,0
solución,1,0
somos,1,0
son,3,1
sonido,1,0
soporte,2,1
sorprendente,0,1
soy,2,3
spam,2,1
spear,1,0
spotcha,1,0
sr,0,3
sra,0,1
stander,1,0
state,1,0
steve,0,1
sticker,1,0
store,3,0
su,91,51
subir,0,1
subo,0,1
subterráneos,0,1
suceda,1,0
suceden,1,0
sucediendo,1,1
sucediera,0,1
sue,0,2
suena,0,1
sueos,1,0
suficiente,2,0
sugerencias,0,1
sugeridas,1,0
sugeriría,0,1
super,0,1
superar,0,1
superficie,0,1
superior,1,0
superposición,0,1
supone,0,1
supongo,0,1
suponía,0,1
supuesto,1,0
surgen,0,1
sus,20,18
susan,0,1
suscripción,2,0
sustancia,0,1
suyas,0,1
sweet,0,1
syrasarahently,1,0
sábado,0,6
sé,0,5
sí,0,3
sígame,1,0
súper,0,1
tablas,0,1
tableta,1,0
tagg,0,1
tal,2,12
tallar,1,0
también,6,10
tammy,0,2
tampoco,1,0
tan,0,1
tanques,0,1
tanto,5,6
tap,1,0
tardar,0,1
tarde,7,9
tareas,1,1
tarifa,0,1
tarjeta,3,0
tarjetas,2,0
tasa,0,1
taxi,0,1
taylor,0,1
te,9,24
tecnología,1,1
tecnologías,1,0
tecnólogo,0,1
telefónica,0,7
telefónicas,1,0
televisión,1,0
telurio,0,1
teléfono,1,10
tema,2,3
temas,1,5
temprano,1,5
ten,0,2
tendencias,0,1
tendremos,2,2
tendrá,3,0
tendrás,0,1
tendré,0,1
tenemos,0,9
tener,5,17
tenga,0,10
tengamos,0,1
tengan,2,0
tengas,0,8
tengo,2,5
tenido,1,2
teniendo,0,1
tenía,1,1
tercer,1,0
terminado,1,1
terminan,1,0
terminará,0,1
terminó,1,0
texaco,0,1
texas,0,1
texto,1,0
textos,1,0
texttext,7,0
ti,4,2
tiempo,6,12
tiempos,1,0
tienda,4,0
tiene,6,18
tienen,2,2
tienes,0,11
tierra,0,1
tim,0,1
tipo,2,2
tipos,0,1
to,0,1
toc,0,1
tocar,0,1
toda,0,3
todas,6,2
todavía,2,3
todo,7,10
todos,10,9
tolva,1,0
tom,0,2
toma,1,0
tomar,1,5
tomara,0,1
tomaremos,1,0
tomará,0,1
tome,1,2
tomemos,0,1
tomé,1,0
tontos,1,0
topacios,0,1
toportmycabinet,1,0
toque,1,0
torneo,0,1
torno,0,1
touch,1,0
trabaja,0,1
trabajadores,0,1
trabajando,2,0
trabajar,1,4
trabajaré,0,2
trabaje,1,1
trabajo,2,7
trabajos,2,0
trabajé,1,0
tracción,1,0
traductor,1,0
trae,0,1
tragos,0,1
traiga,0,1
tranquila,0,1
transacciones,1,0
transacción,0,2
transferencia,0,1
transferibilidad,0,1
transición,1,0
transmitamos,0,1
transmitir,1,0
transportar,0,1
transporte,0,3
traseros,0,1
trata,0,1
tratar,0,2
tratemos,0,1
trato,0,2
travis,0,2
través,5,0
tree,0,1
treinta,0,1
tribolet,0,1
trillón,0,1
trisha,0,1
tristeza,1,0
tráfico,1,0
tu,11,14
tuberías,0,1
turbinas,0,2
tus,6,4
tuve,1,1
tuviera,0,1
tuvimos,0,2
tuyas,0,1
tuyo,0,1
twanda,0,5
twitter,3,1
técnico,0,1
términos,2,1
título,1,0
tómate,1,0
tómese,1,1
tú,0,3
ubicación,0,3
uemail,1,0
un,56,85
una,47,98
unan,0,2
unas,0,1
uniera,0,1
uniones,0,1
unir,1,1
unirme,0,3
unirse,1,0
unirte,0,4
universal,1,0
uno,4,4
unos,1,4
unroll,1,0
unírtenos,0,1
up,1,0
ur,0,1
usa,6,0
usando,3,0
usar,4,1
usarla,0,1
usarás,0,1
uso,2,0
usted,10,27
ustedes,2,4
usuarios,0,1
ut,0,1
utilice,1,0
utilidad,1,0
utilitario,1,0
utiliza,0,1
utilizamos,1,0
utilizando,2,0
utilizar,1,0
utilizó,1,0
va,0,4
vacaciones,0,1
valer,0,1
vales,1,0
valiosas,0,1
valiosos,1,0
valor,3,2
valoro,0,1
vamos,0,3
van,1,0
vance,0,1
var,0,1
varias,1,1
vas,0,2
vaya,3,1
ve,5,1
vea,2,1
veamos,0,1
vegas,0,1
vehículo,4,0
vehículos,1,0
vemos,0,2
ven,0,1
vencerlo,0,1
vendemos,2,0
vendidos,1,0
vendré,0,1
vengas,0,1
venir,1,7
venta,3,0
ventro,1,0
ver,7,12
verano,1,0
verdaderamente,1,0
verificación,1,0
verificando,1,0
verificar,0,2
verifique,0,3
verlo,0,1
verme,0,3
versiones,1,2
versión,4,1
verte,0,2
veré,0,1
vez,8,17
viaja,0,1
viajar,0,1
viaje,1,2
vida,6,1
vidas,1,0
video,1,0
videos,4,0
viejos,1,0
viene,2,0
vienes,0,1
viernes,0,11
vino,1,0
virtual,1,0
visa,0,1
visita,0,1
visitar,0,1
visite,8,0
visión,1,0
vista,1,3
vistazo,0,2
viste,0,1
vital,1,0
vivir,1,0
vivo,4,0
vng,1,1
volatilidad,1,0
volumen,0,1
volver,2,3
volveré,0,1
volúmenes,0,1
voto,1,0
votos,1,0
voy,1,0
voz,2,4
vuelo,1,1
vuelva,0,1
vuelvas,0,2
wa,1,0
walgreens,1,0
wayne,0,2
web,4,2
weds,0,1
week,1,0
wes,0,3
westin,0,1
wood,0,1
woodlands,0,1
word,0,1
wright,1,0
x,0,2
y,109,183
ya,9,12
yo,0,6
youtube,1,0
z,1,1
zanuck,0,1
zapier,1,0
zl,1,0
zumbido,0,1
ángeles,2,0
árbol,0,1
área,1,2
él,0,7
época,1,0
íbamos,1,0
índice,0,3
ópalos,0,1
última,1,0
último,0,1
últimos,0,1
únase,0,3
únete,0,1
única,1,0
único,1,0
únicos,1,0
útil,1,6
útiles,1,1
